{
    "__JSON__": true,
    "AUTHOR": "Astro",
    "theme": "Asta_Md",
    "LANGUAGE": "English",
    "LANGCODE": "en",
    "STRINGS": {
        "updater": {
            "UPDATE": "*_Your bot is Already up-to-date_*",
            "NEW_UPDATE": "*it's time to update the bot!*\n*Changes:*\n",
            "UPDATED_LOCAL": "*Updated Successfully !*"
        },
        "global": {
            "botName": " Asta-Md",
            "body": "whatsapp Bot",
            "greet2" : "Thanks To Astro",
            "pic1": "https://leadier-umbrellas.000webhostapp.com/asta-anime3.jpg",
            "pic2": "https://leadier-umbrellas.000webhostapp.com/asta-anime2.jpg",
            "pic3": "https://leadier-umbrellas.000webhostapp.com/asta-anime1.jpg",
            "pic4": "https://leadier-umbrellas.000webhostapp.com/astro/24916.jpg",
            "pic5": "https://leadier-umbrellas.000webhostapp.com/astro/2151035156.jpg",
            "pic6": "https://leadier-umbrellas.000webhostapp.com/astro/2151035176.jpg",
            "pic7": "https://leadier-umbrellas.000webhostapp.com/astro/2151038083.jpg",
            "pic8": "https://leadier-umbrellas.000webhostapp.com/astro/2151133952.jpg",
            "pic9": "https://leadier-umbrellas.000webhostapp.com/astro/2151134072.jpg",
            "pic10": "https://leadier-umbrellas.000webhostapp.com/asta-anime3.jpg",
            "greet" : "Believe it",
            "dotbody" : "I decided being to be Empeor.",
            "emojii" : "�",
            "promote": "Admin Role Given to Astro",
            "pmallow": "*Hi,This is Astro\n You have been blocked for spamming.",
            "pmwarn": "Hi* \nPlease don't spam else I'll block you for spamming.\nJoin Support Group:\n https://chat.whatsapp.com/L1XNePCPC8O6rw9JeQ0iLB\n*ᴘᴏᴡᴇʀᴇᴅ ʙʏ Asta-Md*",
            "permited": "Hi\n\nNow You are permitted by my owner to pm now.\n*ᴘᴏᴡᴇʀᴇᴅ ʙʏ Asta-Md*", 
            "revoked" : "*Hi*\nYour pm permit permission has been revoked now.\n*ᴘᴏᴡᴇʀᴇᴅ ʙʏ Asta-Md*",
            "demote": "Admin Role Taken back",
            "antlink": "Link Detected.\n*_Good Bye IDiot_*",
            "session": "*This is your session.json,keep it safe*\n*_Now Upload This json file in Your Forked Repo_*\n Connect your repo to Heroku and *Deploy Branch* and Bot will run for Always\n\n*ᴘᴏᴡᴇʀᴇᴅ ʙʏ Asta-Md*",
            "mention": " Please mention My Owner",
            "title": "Asta-Md",
            "theme": "Asta_Md",
            "footer": "Astro\nwww.youtube.com",
            "by": "Made by: Astro",
            "chat_desc": "Options Avilable* : 1. mute\n2. unmute\n3. archive\n4. unarchive\n5. read\n6. unread\n7. delete",
            "success": "Done ✓",
            "dot": "Hi, Did you mean *-help?*\n just.. don't bother me while I'm eating MF",
            "couple_male": "*I'm pretty sure I can't live without being helped!*",
            "couple_female": "*I'm pretty sure I can't live without being helped!*",
            "admin": "ᴛʜɪs ᴄᴏᴍᴍᴀɴᴅ ɪs ᴏɴʟʏ ғᴏʀ ɢʀᴏᴜᴘ ᴀᴅᴍɪɴ!",
            "botAdmin": "ᴘʟᴇᴀsᴇ ᴘʀᴏᴠɪᴅᴇ ᴍᴇ ᴀᴅᴍɪɴ ʀᴏʟᴇ.!",
            "owner": "ᴛʜɪs ᴄᴏᴍᴍᴀɴᴅ ɪs ᴏɴʟʏ ғᴏʀ ᴍʏ ᴏᴡɴᴇʀ!",
            "group": "ᴛʜɪs ғᴇᴀᴛᴜʀᴇ ɪs ᴏɴʟʏ ғᴏʀ ɢʀᴏᴜᴘ!",
            "private": "ᴛʜɪs ғᴇᴀᴛᴜʀᴇ ɪs ᴏɴʟʏ ғᴏʀ ᴍʏ ᴏᴡɴᴇʀ!",
            "bot": "ᴛʜɪs ᴄᴏᴍᴍᴀɴᴅ ɪs ᴏɴʟʏ ғᴏʀ ᴍʏ ᴏᴡɴᴇʀ!",
            "wait": "ᴘʀᴏᴄᴇssɪɴɢ ʏᴏᴜʀ ʀᴇᴏ̨ᴜᴇsᴛ"
        },
        "error": {
            "text": "*_You Idiot tried To Edit ME_*\nNow go get this Error fixed*"
        }
    }
  }
  