{"noiseKey":{"private":{"type":"Buffer","data":"4Fw4TYTpZKD+MCwgGcb09FGGSLYtkjoCCosYGElPnV8="},"public":{"type":"Buffer","data":"HxTef1AjaGu9N0KkWN8MI+0XnMFcfmdksnIrHPtGoBE="}},"signedIdentityKey":{"private":{"type":"Buffer","data":"uDXn4m6C0hVvxmVSVmdOprdwFJEod9wIbS8F5q7BDl8="},"public":{"type":"Buffer","data":"Ux/2p5FqlrYhCT3wG5zklR2D1hkyueDE8r/XLJ/n3jQ="}},"signedPreKey":{"keyPair":{"private":{"type":"Buffer","data":"CCgpVRm+oXqCkIa2LCE/1OoTlq79h4t41rhhP4m1XVg="},"public":{"type":"Buffer","data":"N8wqdIU+1hsD71jeElIHOjP0uDPjA24Q6mbGSyrXZR4="}},"signature":{"type":"Buffer","data":"dotyJfUc3XWb0OCzxTG0oizaEtdnogRNofajVu2V2lJvVPjzrlIr2e0GNWLwg5L8j+QHhiuVi3GYlDJ54Owlhg=="},"keyId":1},"registrationId":37,"advSecretKey":"666wW8ITYy4zrYJtW/rP5McAL0UTWHprclRRrzb9pGo=","processedHistoryMessages":[],"nextPreKeyId":61,"firstUnuploadedPreKeyId":61,"accountSyncCounter":0,"accountSettings":{"unarchiveChats":false},"deviceId":"mzwSCFtqSBeBxoubZJu7sQ","phoneId":"ad5387d3-5d9c-4147-b902-920a864f555e","identityId":{"type":"Buffer","data":"pnRQatjdL6EJtU+KPPOk4gqEjNk="},"registered":false,"backupToken":{"type":"Buffer","data":"TS62wVA2ckWCNlKxeA0cS9BCpjI="},"registration":{},"account":{"details":"CIO7y48BEPnapqgGGBU=","accountSignatureKey":"nLHr9JOtZSmRK9PNiDQZAtKA4ESeSkt+GciVuJeLoXI=","accountSignature":"CRiW6DjO0IqqEnRcOv7UpQZDVqETyhwZ0ZOigR+6aBukaOEP5wQ9npFKm4RUycnfrTDl6RiHgknZeVkprA3fAA==","deviceSignature":"2SUkAQmKoHYlu4GkxXR4DY2FgZk++ExmdQnNdLqm4FWfStm1MSchyoZqVrTL2AUq3vPnLfmZCculHpwvuWpKjQ=="},"me":{"id":"2348039607375:87@s.whatsapp.net","name":"𝙺𝙸𝙽𝙶"},"signalIdentities":[{"identifier":{"name":"2348039607375:87@s.whatsapp.net","deviceId":0},"identifierKey":{"type":"Buffer","data":"BZyx6/STrWUpkSvTzYg0GQLSgOBEnkpLfhnIlbiXi6Fy"}}],"platform":"smba","lastAccountSyncTimestamp":1695133053}